index,topic,article_id,comment_id,comment_content,article_link,article_title
0,UE,DI20240908104400,DI20240908104400-15993681,"Prou copiar polítiques espanyoles, aquí no vam votar socialisme.     Quan pujin impostos, tots a plorar……",https://www.diariandorra.ad/nacional/240908/sindic-destaca-l-acord-d-associacio-amb-ue-seu-discurs-amb-motiu-dia-meritxell_157702.html,"Ensenyat demana un debat més ""racional"" per l'acord d'associació"
1,UE,DI20240912164200,DI20240912164200-16027916,"Sabem que el peixet el teniu venut abans d´arribar a port, us estarem observant.",https://www.diariandorra.ad/nacional/240912/espot-descarta-referendum-ue-per-primavera-2025_157992.html,Espot no descarta el referèndum de la UE per a la primavera del 2025
2,UE,DI20240927054700,DI20240927054700-17077602,"L'OMS calcula que hi ha onze suïcidis al dia a l'Estat espanyol i uns 220 intents, a més és el país líder en el consum d'ansiolítics entre adolescents, anem pel mateix camí?",https://www.diariandorra.ad/nacional/240927/salut-mental-aten-mes-3-000-adults-2023_158879.html,Salut mental atén més de 3.000 adults el 2023
3,UE,DI20240907060700,DI20240907060700-15987270,jajaja,https://www.diariandorra.ad/nacional/240907/carrils-per-comunitaris-les-dues-fronteres_157664.html,Carrils per a no comunitaris a les dues fronteres
4,UE,DI20240925070000,DI20240925070000-16390039,"Ensumo un pre-manifest de pre-capdegovern d'una esquerra il·lustrada, teòrica i pueril a més no poder. Ara estem al foc, i amb tu estarem a les brases. Per cert, expressar que a Andorra som una família és de traca... Per enmarcar, Cerni.!",https://www.diariandorra.ad/opinio/la-tribuna/240925/andorra-casa-vostra_158763.html,"Andorra, casa nostra"
5,UE,DI20240918054400,DI20240918054400-16312586,"Sense marxa entere,sense fre, amb la direcció clavada i camí de cortes. Però Wspot tranquil perqué ho contempla des de la distancia.",https://www.diariandorra.ad/nacional/240918/espot-avisa-intervencio-dels-pisos-te-marxa-enrere_158321.html,Espot avisa que la intervenció dels pisos no té marxa enrere
6,UE,DI20240909053700,DI20240909053700-15997891,"la pena de tot plegat és que la totalitat dels funcionaris, que es pensen que els diners cauen del cel, votaran que sí, i els que treballem i aportem riquesa al país ens ho haurem de menjar amb patates...",https://www.diariandorra.ad/nacional/240909/espot-reconeix-incognites-amb-ue_157725.html,Espot reconeix “incògnites” amb la UE
7,UE,DI20240921113200,DI20240921113200-16343838,Que s'ocupin de casa seva que bastanta feina tenen!,https://www.diariandorra.ad/nacional/240921/strzoda-defensa-l-acord-d-associacio-i-alerta-dels-riscos-rebutjar_158527.html,Strzoda defensa l’acord d’associació i alerta dels riscos de rebutjar-lo
8,UE,DI20240908104400,DI20240908104400-15985595,¿Qué parte del “NO” al acuerdo es lo que no se entiende?,https://www.diariandorra.ad/nacional/240908/sindic-destaca-l-acord-d-associacio-amb-ue-seu-discurs-amb-motiu-dia-meritxell_157702.html,"Ensenyat demana un debat més ""racional"" per l'acord d'associació"
9,UE,DI20240926060300,DI20240926060300-17063942,"EXACTE, de tots els edificis nous, cap és d'oficines, que és on haurien d'anar tots aquests negocis, no pas en pisos.  ",https://www.diariandorra.ad/nacional/240926/setge-als-apartaments-turistics-fora-llei_158816.html,Setge als apartaments turístics fora de la llei
10,UE,DI20240907060700,DI20240907060700-15974715,"Es aquí on tenen de controlar a les fronteres on arriben per avio o per el mar, son mes rucs que una sabata, en lloc de preguntar a tots els que tenim de il·legals als aeroports, a que biene? Cuantos dias? Muestre billete de vuelta, muestre sus fondos para subsistir, MIRA TU EL GRAN CONTROL QUE TENE LA UE ALS AEROPORTS DE ESPANYA I LA RESTA QUE ES COLENT PER MILS, I DESPRES NATURAMENT TOTA LA COLLA DE ILLEGALS QUE UNS QUANS MILS HAN VINGUT AQUI, PER ON HAN ENTRAR, CAPS DE CONY? Jajaja  ",https://www.diariandorra.ad/nacional/240907/carrils-per-comunitaris-les-dues-fronteres_157664.html,Carrils per a no comunitaris a les dues fronteres
11,UE,DI20240917054300,DI20240917054300-16307943,"Sis mil vots, que si comptes familiars i paniaguados, encara trobo que son pocs. ",https://www.diariandorra.ad/nacional/240917/espot-seguira-passi-passi-amb-l-acord-d-associacio-amb-ue_158256.html,Espot seguirà “passi el que passi” amb l’acord d’associació amb la UE
12,UE,DI20240915061300,DI20240915061300-16054656,"Si si les reserves de Xina ja les voldria EUROPA per ella, per un altre bàndol 3 quartes parts del planeta li deu mils de milions a ls Xina",https://www.diariandorra.ad/opinio/les-set-claus/240915/per-europa-suissa_158139.html,Per una Europa a la Suïssa
13,UE,DI20240905060100,DI20240905060100-15942015,Hautien de tancar les fronteres als andorrans. Posarlis controls de tot tipus i posarlis el gos k olora tabac i diners dins els cotxes i una vinyeta x entrar a destruir la nostra merevellosa espanya,https://www.diariandorra.ad/nacional/240905/reunio-in-extremis-per-evitar-els-controls-fronterers-ue_157537.html,Reunió ‘in extremis’ per evitar els controls fronterers de la UE
14,UE,DI20240923060900,DI20240923060900-16373025,"El titular, tal com està formulat, sembla una mica triomfalista.",https://www.diariandorra.ad/nacional/240923/les-exportacions-als-mercats-americans-i-asiatics-disparen_158625.html,Les exportacions als mercats americans i asiàtics es disparen
15,UE,DI20240909053700,DI20240909053700-15997194,"Ciutadania d’Andorrans, que son els que mes callen.   La majoria que diu que no, no voten.",https://www.diariandorra.ad/nacional/240909/espot-reconeix-incognites-amb-ue_157725.html,Espot reconeix “incògnites” amb la UE
16,UE,DI20240917054300,DI20240917054300-16073721,Dons jo crec que no hauria d’esperar a que sortís el NO per a plegar: hauria de fer-ho avui abans de dinar. ,https://www.diariandorra.ad/nacional/240917/espot-seguira-passi-passi-amb-l-acord-d-associacio-amb-ue_158256.html,Espot seguirà “passi el que passi” amb l’acord d’associació amb la UE
17,UE,AL20240920205600,AL20240920205600-225374,Justamenr aixo volem. Estar fora del projecte. Preocupis de la seva europa que andofra no vol associarse a vostes,https://www.altaveu.com/actualitat/politica/elisi-assegura-acord-associacio-no-comportara-tsunami-immigracio_60482_102.html,L’Elisi assegura que l’acord d’associació “no comportarà un tsunami d’immigració”
18,UE,DI20240917054300,DI20240917054300-16073454,Es clar pq en realitat tot es un gran engany i després es faran l'andorrà i llestos. Responsabilitat? Què es això?,https://www.diariandorra.ad/nacional/240917/espot-seguira-passi-passi-amb-l-acord-d-associacio-amb-ue_158256.html,Espot seguirà “passi el que passi” amb l’acord d’associació amb la UE
19,UE,DI20240909053700,DI20240909053700-15994599,Desitjo de tot cor que facin el referèndum d'una vegada que veuran la PATACADA que es donaran quan per una majoria aclaparadora surti NO a la UE.,https://www.diariandorra.ad/nacional/240909/espot-reconeix-incognites-amb-ue_157725.html,Espot reconeix “incògnites” amb la UE
20,UE,DI20240926060300,DI20240926060300-16669204,"Sense cap mena de dubte, els grans responsables de l'especulació i de la manca d'habitatge. ",https://www.diariandorra.ad/nacional/240926/setge-als-apartaments-turistics-fora-llei_158816.html,Setge als apartaments turístics fora de la llei
21,UE,DI20240925070000,DI20240925070000-16393659,Força Cerni estem amb tu i els teus,https://www.diariandorra.ad/opinio/la-tribuna/240925/andorra-casa-vostra_158763.html,"Andorra, casa nostra"
22,UE,DI20240916054900,DI20240916054900-16062856,quant costarà i qui pagarà deixar la muntanya neta igual com estava abans que es construís el parc animalier?,https://www.diariandorra.ad/parroquies/240916/abans-hi-havia-confusio-molt-gran-sobre-les-activitats-naturland_158188.html,“Abans hi havia una confusió molt gran sobre les activitats de Naturland”
23,UE,DI20240909053700,DI20240909053700-15994376,L'altre dia a Barcelona van detenir tants lladres que no hi cavien a comisaria. Es això el que vol per Andorra senyor Espot?,https://www.diariandorra.ad/nacional/240909/espot-reconeix-incognites-amb-ue_157725.html,Espot reconeix “incògnites” amb la UE
24,UE,DI20240905060100,DI20240905060100-15945932,Tu el primer. ,https://www.diariandorra.ad/nacional/240905/reunio-in-extremis-per-evitar-els-controls-fronterers-ue_157537.html,Reunió ‘in extremis’ per evitar els controls fronterers de la UE
25,UE,AL20240920205600,AL20240920205600-225375,No vull UE!.,https://www.altaveu.com/actualitat/politica/elisi-assegura-acord-associacio-no-comportara-tsunami-immigracio_60482_102.html,L’Elisi assegura que l’acord d’associació “no comportarà un tsunami d’immigració”
26,UE,DI20240925070000,DI20240925070000-16389067,"Si dius que creus en les institucions europees, paro de llegir directament, i quedes descartat com a persona amb criteri",https://www.diariandorra.ad/opinio/la-tribuna/240925/andorra-casa-vostra_158763.html,"Andorra, casa nostra"
27,UE,DI20240910060100,DI20240910060100-16005516,Un altre viatget de turisme,https://www.diariandorra.ad/nacional/240910/andorra-i-eslovenia-negocien-per-evitar-doble-imposicio_157795.html,Andorra i Eslovènia negocien per evitar la doble imposició
28,UE,DI20240909053700,DI20240909053700-15994637,Quatre famílies riques controlen el país de manera hereditària.,https://www.diariandorra.ad/nacional/240909/espot-reconeix-incognites-amb-ue_157725.html,Espot reconeix “incògnites” amb la UE
29,UE,DI20240916054900,DI20240916054900-16071621,"Creus que aquell projecte t'hagués agradat? Lo únic bo hagués sigut eixugar el deute , la resta un desastre total , xalets , carrers , etc etc a 2000m ? Com us agrada criticar desde el sofà ",https://www.diariandorra.ad/parroquies/240916/abans-hi-havia-confusio-molt-gran-sobre-les-activitats-naturland_158188.html,“Abans hi havia una confusió molt gran sobre les activitats de Naturland”
30,UE,DI20240912164200,DI20240912164200-16030373,"Cuanto antes mejor, si total, va a salir un NO más grande que una catedral e igualmente Andorra entrará en la UE y se venderán a los socialistos europeos.",https://www.diariandorra.ad/nacional/240912/espot-descarta-referendum-ue-per-primavera-2025_157992.html,Espot no descarta el referèndum de la UE per a la primavera del 2025
31,UE,DI20240907060700,DI20240907060700-15975100,No sé si la noticia es una chorrada o la decisión en si. Supongo que dejarán el carril para los ingleses. Pues que sea el izquierdo,https://www.diariandorra.ad/nacional/240907/carrils-per-comunitaris-les-dues-fronteres_157664.html,Carrils per a no comunitaris a les dues fronteres
32,UE,DI20240905060100,DI20240905060100-15939668,"Es l'Acord , ""De"" i ""Per"" la Banca.",https://www.diariandorra.ad/nacional/240905/reunio-in-extremis-per-evitar-els-controls-fronterers-ue_157537.html,Reunió ‘in extremis’ per evitar els controls fronterers de la UE
33,UE,DI20240925070000,DI20240925070000-16394037,"Fa molta ràbia com s'intenta fer política o enfonsar des dels anònims. Ja veus Cerni que despertes temors a la caverna. És una bona senyal, creu-me. I felicitats per un molt bon article, tot i que això no ha estat cap sorpresa.",https://www.diariandorra.ad/opinio/la-tribuna/240925/andorra-casa-vostra_158763.html,"Andorra, casa nostra"
34,UE,DI20240908171000,DI20240908171000-15996761,"Que això vingui dit per grans propietaris sembla un insult per tots els que vivim de lloguer…. Si que venies a solucionar l’habitatge i l’economia en general, però no pas la de tots no, només la vostra.",https://www.diariandorra.ad/nacional/240908/espot-sobre-l-habitatge-els-ciutadans-volen-viure-pis-on-paguin-lloguer-assequible_157712.html,Espot anuncia 'dos o tres' edificis més de lloguer assequible a les parròquies centrals
35,UE,DI20240907060700,DI20240907060700-15987253,"no home no, això surt ara perquè volen que votem si a l'acord d'associació, rès mes... NO et preocupis que pocs problemes tenen amb Africa com per posar-se a demanar papers las andorrans",https://www.diariandorra.ad/nacional/240907/carrils-per-comunitaris-les-dues-fronteres_157664.html,Carrils per a no comunitaris a les dues fronteres
36,UE,DI20240926060300,DI20240926060300-17066980,"Si la meva empresa soc jo mateix i treballo desde casa, sense tenir mercaderies, perqué haig de pagar 260€ cada mes a un cowork per domiciliar el comerç? Tinc el comerç domiciat on treballo i visc. A Andorra veig encara molt Pagés i no están treballant la terra",https://www.diariandorra.ad/nacional/240926/setge-als-apartaments-turistics-fora-llei_158816.html,Setge als apartaments turístics fora de la llei
37,UE,DI20240925070000,DI20240925070000-16392214,"Anem de mal en pitjor. Els perroflautes happys que n’hi ha pocs que treballen, i van molt al gimnàs. Molta falsetat, populisme i cap proposta real.Feu molta por.",https://www.diariandorra.ad/opinio/la-tribuna/240925/andorra-casa-vostra_158763.html,"Andorra, casa nostra"
38,UE,DI20240908104400,DI20240908104400-15986530,+8 Tota la familly ni locos europa,https://www.diariandorra.ad/nacional/240908/sindic-destaca-l-acord-d-associacio-amb-ue-seu-discurs-amb-motiu-dia-meritxell_157702.html,"Ensenyat demana un debat més ""racional"" per l'acord d'associació"
39,UE,DI20240928055300,DI20240928055300-19107463,Espot ja totalment alineat i venut als interessos de la Unió Europea i el globlisme…,https://www.diariandorra.ad/nacional/240928/espot-defensa-l-onu-res-justifica-l-atac-civils_158930.html,Espot defensa a l’ONU que “res no justifica l’atac a civils”
40,UE,DI20240925070000,DI20240925070000-16393425,"Està creixent molt ràpid. Potser una mica massa ràpid, però la única alternativa plausible i realista de GOVERN és amb l'Escalé. És simplement així.         L'article ben escrit- esperem fets.",https://www.diariandorra.ad/opinio/la-tribuna/240925/andorra-casa-vostra_158763.html,"Andorra, casa nostra"
41,UE,DI20240908104400,DI20240908104400-15993737,"Aquestos tenen de dretes…..     un partit que expropia,  amb departament d’igualtat i llenguatge inclusiu, amb imporst al carburant per tenir autobusos gratuïts, i controla sous de la empreses privades, ajudes i subvencions per tothom, etc….   Mooolt de dretes !",https://www.diariandorra.ad/nacional/240908/sindic-destaca-l-acord-d-associacio-amb-ue-seu-discurs-amb-motiu-dia-meritxell_157702.html,"Ensenyat demana un debat més ""racional"" per l'acord d'associació"
42,UE,AL20240926204600,AL20240926204600-226302,"Aquest personatge no coneix l'humiltat. Donde no hay, no busques que en diuen.",https://www.altaveu.com/actualitat/afers-exteriors/espot-confia-en-suport-espanya-portugal-evitar-acord-associacio-es-declari-mixt_60630_102.html,Espot confia en el suport d’Espanya i Portugal per evitar que l’acord d’associació es declari mixt
43,UE,DI20240914055900,DI20240914055900-16046900,És broma?,https://www.diariandorra.ad/opinio/les-set-claus/240914/napols_158085.html,Nàpols
44,UE,DI20240921113200,DI20240921113200-16343929,I segueixen amb la campanya de la por.,https://www.diariandorra.ad/nacional/240921/strzoda-defensa-l-acord-d-associacio-i-alerta-dels-riscos-rebutjar_158527.html,Strzoda defensa l’acord d’associació i alerta dels riscos de rebutjar-lo
45,UE,DI20240912055900,DI20240912055900-16025381,"Votar NO a l'acord d'associació és acabar amb el senyor Espot i aquest desgavell, i la Conxita Marsol ho sap molt bé.",https://www.diariandorra.ad/parroquies/240912/l-executiva-da-vol-copsar-les-inquietuds-dels-militants_157947.html,L’executiva de DA vol copsar les inquietuds dels militants
46,UE,DI20240917062000,DI20240917062000-16072449,"Clar que si Carinne, ",https://www.diariandorra.ad/nacional/240917/ae-pregunta-govern-aplicara-l-acord-amb-ue-abans-votar_158277.html,AE pregunta a Govern si aplicarà l’acord amb la UE abans de votar-se
47,UE,DI20240908104400,DI20240908104400-15985152,+1,https://www.diariandorra.ad/nacional/240908/sindic-destaca-l-acord-d-associacio-amb-ue-seu-discurs-amb-motiu-dia-meritxell_157702.html,"Ensenyat demana un debat més ""racional"" per l'acord d'associació"
48,UE,AL20240920205600,AL20240920205600-225466,El tsunami d inmigració ja el tením.Lo següent serà l ' invasió extraterrestre,https://www.altaveu.com/actualitat/politica/elisi-assegura-acord-associacio-no-comportara-tsunami-immigracio_60482_102.html,L’Elisi assegura que l’acord d’associació “no comportarà un tsunami d’immigració”
49,UE,DI20240908104400,DI20240908104400-15985228,"Mentre quatre famílies riques segueixin manant al país, la “racionalitat” de l’acord serà més que opinable. És la pura realitat.",https://www.diariandorra.ad/nacional/240908/sindic-destaca-l-acord-d-associacio-amb-ue-seu-discurs-amb-motiu-dia-meritxell_157702.html,"Ensenyat demana un debat més ""racional"" per l'acord d'associació"
50,pensions,DI20240927111800,DI20240927111800-17081251,"20 km cap al sud i ja podeu abortar tantes vegades com volgueu, fins que se us caigui la matriu a terra",https://www.diariandorra.ad/nacional/240927/accio-feminista-reclama-despenalitzacio-l-avortament-amb-cobertura-sanitaria_158906.html,Acció Feminista reclama la despenalització de l'avortament amb cobertura sanitària
51,pensions,DI20240916055100,DI20240916055100-16062661,"Dues generacions de relaxació intel·lectual han permès que els primers debilitats siguin ja els mestres, sense cap pensament crític adoctrinen els nens amb ideologies importades canviant els patrons culturals mil·lenaris sense que els surtin els colors.",https://www.diariandorra.ad/nacional/240916/els-mestres-reclamen-millores-laborals-per-dignificar-professio_158189.html,Els mestres reclamen millores laborals per dignificar la professió
52,pensions,DI20240923061000,DI20240923061000-16369800,Visca la llibertat carai,https://www.diariandorra.ad/nacional/240923/deute-principat-14-589-euros-per-ciutada_158626.html,El deute del Principat és de 14.589 euros per ciutadà
53,pensions,AL20240925164000,AL20240925164000-226094,Pues resulta que ara la Cass ens reclama factures del any 2019. Sou uns poques vergonyes fa anys que esteu robant al poble i després repartiu els 100% com fi fossin caramels. Les coses oficials no prescriuen al cap de cinc anys? No teniu vergonya.  I Govern i la justícia que fan?? Res de res,https://www.altaveu.com/actualitat/sanitat/cass-tanca-primer-semestre-deficit-sanitari-157-milions-euros_60584_102.html,"La CASS tanca el primer semestre amb un dèficit sanitari de 15,7 milions d’euros"
54,pensions,DI20240922060300,DI20240922060300-16357631,"Aquí paguem justos per pecadors, alguns AN cotitzat poc o mai pro tenen pensions més altes que a cotitzat més de vint anys, com pot ser això? Conec gent que tenen pagues de la cass, pro després se'n van a buscar bolets, apenes a cotitzat. ",https://www.diariandorra.ad/nacional/240922/pensio-revalora-50-euros-per-qui-cotitzat-mes-20-anys_158574.html,La pensió es revalora 50 euros per a qui ha cotitzat més de 20 anys
55,pensions,DI20240916055100,DI20240916055100-16063543,"Nens que es porten de meravella, a l'escola han de tornar-se malparits per sobreviure.. i el problema és dels pares? qualsevol cosa que fan ho han de solucionar els nens entre ells, els profes passen de tot encara que la solució només pugui ser exercida per un adult, menys responsabilitat i volen més calers? ",https://www.diariandorra.ad/nacional/240916/els-mestres-reclamen-millores-laborals-per-dignificar-professio_158189.html,Els mestres reclamen millores laborals per dignificar la professió
56,pensions,DI20240913141600,DI20240913141600-16041964,"No sigui bajanades, pobrista. Orgullo hauria de sentir al comparar-se amb Espanya o França",https://www.diariandorra.ad/nacional/240913/fons-reserva-jubilacio-guanya-8-4-milions-l-agost_158054.html,"El fons de reserva de jubilació guanya 8,4 milions a l'agost"
57,pensions,DI20240913060100,DI20240913060100-16034962,"No se en quina realitat virtual han tret aquestes dades. El mon ideal seria aquest, que no hi hagués llista d'espera i que els recursos fossin els suficients; però estem molt lluny de la realitat. L'àmbit social en aquest país és molt precari i amb molts dèficits tant d'infraestructures com de personal. ",https://www.diariandorra.ad/nacional/240913/llista-d-espera-per-ingressar-residencia-queda-zero_158015.html,La llista d’espera per ingressar en una residència queda a zero
58,pensions,DI20240917053600,DI20240917053600-16073690,"Una cosa és que tinguin privacitat, i una altra és que aquestes persones estiguin tancades, aïllades de la societat. A més, les que estan interna te tampoc en te en, de privacitat, perquè hi ha càmeres en les habitacions. ",https://www.diariandorra.ad/nacional/240917/centre-salut-mental-mantindra-tot-i-rebuig_158252.html,El centre de salut mental es mantindrà tot i el rebuig
59,pensions,DI20240906055500,DI20240906055500-15949964,"Si, està clar que es veu de lluny que Andorra és Xauxa, gràcies a la ""gran visió"" dels que o-k-upen càrrecs!",https://www.diariandorra.ad/nacional/240906/l-institut-ramon-cugat-demanar-instal-lacions-franc_157600.html,L’Institut Ramon Cugat va demanar instal·lacions de franc
60,pensions,DI20240923061000,DI20240923061000-16365046,"El que no està prohibit està obligat, no tenim marge de maniobra.    Apropiacions temporals de propietats privades, oblogatorietats del que la gent ha de cobrar i pagar, etc….",https://www.diariandorra.ad/nacional/240923/deute-principat-14-589-euros-per-ciutada_158626.html,El deute del Principat és de 14.589 euros per ciutadà
61,pensions,DI20240923064700,DI20240923064700-16368605,"Bon día, perque veten el meu comentari, no es just que per directamente la realitat del pais no li agradi a vuste. Faci el favor de posar el meu comentari. O es que s'ha implantat la SANTA INQUISICION a Andorra?",https://www.diariandorra.ad/opinio/editorial/240923/pensions-jubilacio-baixes_158636.html,Pensions de jubilació baixes
62,pensions,DI20240912061000,DI20240912061000-16027573,"Magnífic, ja pots començar tu i tota la teva familia",https://www.diariandorra.ad/nacional/240912/policia-investiga-altres-pisos-on-hi-prostitucio_157951.html,La policia investiga altres pisos on hi ha prostitució
63,pensions,DI20240925055900,DI20240925055900-16390801,"Ves a l'hospital i veuras la quantitad de de sud americans que tenen, mira les empreses de transport public  i veuras els grans profesionals que porten els nostres fills al cole",https://www.diariandorra.ad/nacional/240925/concordia-vol-limitar-els-permisos-d-acces-pais-atorga-govern_158746.html,Concòrdia vol limitar els permisos d’accés al país que atorga el Govern
64,pensions,DI20240923061000,DI20240923061000-16366074,"I a qui potser ens inclouen a tots, quan només haurien d'incloure els andorrans! que els demés no podem votar ni decidim en res.",https://www.diariandorra.ad/nacional/240923/deute-principat-14-589-euros-per-ciutada_158626.html,El deute del Principat és de 14.589 euros per ciutadà
65,pensions,DI20240912061000,DI20240912061000-16026216,"Uns veïns una mica xafarders i ressentits. Cap es queixa de res en concret però com que no els hi agrada/ no els deixen tenir relació amb aquestes persones, denúncia i fora.",https://www.diariandorra.ad/nacional/240912/policia-investiga-altres-pisos-on-hi-prostitucio_157951.html,La policia investiga altres pisos on hi ha prostitució
66,pensions,DI20240916055100,DI20240916055100-16071379,"Ni els empresaria que tenen contractes amb l’administració pública, ni els empresaris que es beneficien de les subvencions públiques (com hotelers i comerçants que no paguen el cost de circs i esdeveniments per promoure comerç), et sembla?",https://www.diariandorra.ad/nacional/240916/els-mestres-reclamen-millores-laborals-per-dignificar-professio_158189.html,Els mestres reclamen millores laborals per dignificar la professió
67,pensions,DI20240925055900,DI20240925055900-16388876,Que comencin a fer país els empresaris en lloc de tancar la porta als treballadors d'aquí.,https://www.diariandorra.ad/nacional/240925/concordia-vol-limitar-els-permisos-d-acces-pais-atorga-govern_158746.html,Concòrdia vol limitar els permisos d’accés al país que atorga el Govern
68,pensions,DI20240926064000,DI20240926064000-16824331,"El cronista dona i deixa per escrit que creixement econòmic es igual a generació de riquesa. Segurament, aquest es el problema actual. No veiem que estem hipotecant el futur del país, de fet la ultima part si que accepta que la forma amb la qual estem tapant els forats no es sostenible!!!! Ara si concorida son els dolents de la pelicula i pel diari el govern actual ho fa tot bé… es espectacular el nivell actualment. Andorra ha de mirar mes lluny que el demà ",https://www.diariandorra.ad/opinio/editorial/240926/mes-assalariats_158832.html,Més assalariats
69,pensions,AL20240925164000,AL20240925164000-226114,Muchos son los de baja...que no tienen nada...y trabajan en 2 sitios..al de dia no van ...pero al de...tarde-noche SI...porque a partir de las 6 u 7 de la tarde no se controla nada...el burro que dice...que masajes terapeuticos !! no !! Reza que mañana ...no te pase a ti..eso es algo necesario...la gente no lo hace por gusto..?y dientes y gafas..no ? De que psiquiatrico te has escapado ? Acaso crees que tu no lo vas a necesitar..? Escupe para arriba que te caerá encima..tiempo al tiempo...,https://www.altaveu.com/actualitat/sanitat/cass-tanca-primer-semestre-deficit-sanitari-157-milions-euros_60584_102.html,"La CASS tanca el primer semestre amb un dèficit sanitari de 15,7 milions d’euros"
70,pensions,DI20240923061000,DI20240923061000-16370055,"Gent com tu, parent-te la pastilla i reposa.",https://www.diariandorra.ad/nacional/240923/deute-principat-14-589-euros-per-ciutada_158626.html,El deute del Principat és de 14.589 euros per ciutadà
71,pensions,DI20240925130400,DI20240925130400-16391581,"AQUET PAÍS SI NO ETS SUDAMERICA HO PORTES MUCADOR NO REPS CAP AJUDA, CARA DURES.",https://www.diariandorra.ad/nacional/240925/afers-socials-atorga-1-330-noves-prestacions-durant-primer-trimestre_158781.html,Afers Socials atorga 1.330 noves prestacions durant el primer trimestre
72,pensions,DI20240925161100,DI20240925161100-16393681,"Perquè les pensions s'han de pagar només amb les cotitzacions? Si totes les despeses públiques en un Estat es paguen amb impostos mai a la vida han de córrer perill les pensions, si hi ha diners per a obra pública n'hi ha d'haver per pagar les pensions.",https://www.diariandorra.ad/nacional/240925/cass-suma-15-7-milions-deficit-fins-juny_158791.html,"El dèfici de la CASS s'enfila a 15,7 milions fins al juny"
73,pensions,DI20240906055500,DI20240906055500-15951363,Uns catalans espavilats,https://www.diariandorra.ad/nacional/240906/l-institut-ramon-cugat-demanar-instal-lacions-franc_157600.html,L’Institut Ramon Cugat va demanar instal·lacions de franc
74,pensions,DI20240912061000,DI20240912061000-16024916,"Entre narcopisos, pisos patera, pisos de meuques, i proxenetes legals he il·legals se us acumularà la feina.",https://www.diariandorra.ad/nacional/240912/policia-investiga-altres-pisos-on-hi-prostitucio_157951.html,La policia investiga altres pisos on hi ha prostitució
75,pensions,DI20240916055100,DI20240916055100-16066822,I n'hi ha que encara han de treballar durant el mes de juliol. ,https://www.diariandorra.ad/nacional/240916/els-mestres-reclamen-millores-laborals-per-dignificar-professio_158189.html,Els mestres reclamen millores laborals per dignificar la professió
76,pensions,DI20240925130400,DI20240925130400-16396400,"Si està ple govern de gent treballant sense haver pasat mai un EDICTE, les lleis a govern tenen de ser igual que ha la privada ho govern se les pot pasar totes pel folre?  perquè a la privada si al 3 contracte no el fan fixe algú  li foten una bona multa, ahhh es veritat govern entre contracte i contracte ja han posat 45 dies per el mig per evitar problemes no fos que eh ",https://www.diariandorra.ad/nacional/240925/afers-socials-atorga-1-330-noves-prestacions-durant-primer-trimestre_158781.html,Afers Socials atorga 1.330 noves prestacions durant el primer trimestre
77,pensions,DI20240925055900,DI20240925055900-16389267,"Si, per segona residència, que tens algun problema ? O es que vols sembrar el desconcert. Si dius la mesura digala tota",https://www.diariandorra.ad/nacional/240925/concordia-vol-limitar-els-permisos-d-acces-pais-atorga-govern_158746.html,Concòrdia vol limitar els permisos d’accés al país que atorga el Govern
78,pensions,DI20240923061000,DI20240923061000-16365841,"I això porta altres problemes. Que li preguntin a Suècia, Noruega.. ",https://www.diariandorra.ad/nacional/240923/deute-principat-14-589-euros-per-ciutada_158626.html,El deute del Principat és de 14.589 euros per ciutadà
79,pensions,DI20240912061000,DI20240912061000-16035989,"Bueno, como en todo el mundo, no?. Además aqui hay una legion de europeos viviendo, no solo españoles. ",https://www.diariandorra.ad/nacional/240912/policia-investiga-altres-pisos-on-hi-prostitucio_157951.html,La policia investiga altres pisos on hi ha prostitució
80,pensions,DI20240916055100,DI20240916055100-16064252,"Veient el nivell dels comentaris, és evident que encara fan falta més mestres.",https://www.diariandorra.ad/nacional/240916/els-mestres-reclamen-millores-laborals-per-dignificar-professio_158189.html,Els mestres reclamen millores laborals per dignificar la professió
81,pensions,DI20240923061000,DI20240923061000-16364798,Aquest deute el genera la festa dels de sempre.,https://www.diariandorra.ad/nacional/240923/deute-principat-14-589-euros-per-ciutada_158626.html,El deute del Principat és de 14.589 euros per ciutadà
82,pensions,DI20240925130400,DI20240925130400-16392803,"És una vergonya com s'amaga la realitat del país i com es maquilla, els temes que punxen aquí al diari estant a un  racó amb petit i poc temps molt poc.",https://www.diariandorra.ad/nacional/240925/afers-socials-atorga-1-330-noves-prestacions-durant-primer-trimestre_158781.html,Afers Socials atorga 1.330 noves prestacions durant el primer trimestre
83,pensions,DI20240923061000,DI20240923061000-16364944,Es el que tenen les polítiques d’esquerres ,https://www.diariandorra.ad/nacional/240923/deute-principat-14-589-euros-per-ciutada_158626.html,El deute del Principat és de 14.589 euros per ciutadà
84,pensions,DI20240915055700,DI20240915055700-16054202,Doncs segurament el cost no sigui el mateix. ,https://www.diariandorra.ad/nacional/240915/cass-financat-17-tractaments-fertilitat-aquest-any_158131.html,La CASS ha finançat 17 tractaments de fertilitat aquest any
85,pensions,DI20240927111800,DI20240927111800-17081318,Cap a la Seu pagant de la vostra butxaca. A tots ens agrada passar-ho be i no tenir responsabilitats,https://www.diariandorra.ad/nacional/240927/accio-feminista-reclama-despenalitzacio-l-avortament-amb-cobertura-sanitaria_158906.html,Acció Feminista reclama la despenalització de l'avortament amb cobertura sanitària
86,pensions,DI20240912061000,DI20240912061000-16025101,Que busqui farina que ple Andorra !!!! Ah no perdó sols les coses fàcils.,https://www.diariandorra.ad/nacional/240912/policia-investiga-altres-pisos-on-hi-prostitucio_157951.html,La policia investiga altres pisos on hi ha prostitució
87,pensions,DI20240926060000,DI20240926060000-17068876,O muy rico o comunista el Antonio.,https://www.diariandorra.ad/nacional/240926/deficit-cass-juny-15-7-milions-d-euros_158815.html,"El dèficit de la CASS era al juny de 15,7 milions d’euros"
88,pensions,DI20240916055100,DI20240916055100-16064636,"Ostres, super bona aquesta!!! Per quan apliquem aquí, si us plau? L'escola andorrana és el càncer i el forat sense fons de l'Administració",https://www.diariandorra.ad/nacional/240916/els-mestres-reclamen-millores-laborals-per-dignificar-professio_158189.html,Els mestres reclamen millores laborals per dignificar la professió
89,pensions,DI20240912172400,DI20240912172400-16031866,"No se quin comptador deu utilitzar aquest senyor, nosaltres en tenim un desde fa un any i sembla que va per llarg en la llista d'espera...",https://www.diariandorra.ad/nacional/240912/cap-padri-llista-d-espera-per-entrar-residencia_157994.html,Cap padrí en llista d'espera per entrar a la residència
90,pensions,DI20240906055500,DI20240906055500-15970119,"Doncs Noi, com pensas que EEUU, acconseguix aquest premi nobels extrangers que van alli a investigar……. A EEUU SI vals et pagan fort, i et posan un laboratori  de franc, ….el que faci falta.",https://www.diariandorra.ad/nacional/240906/l-institut-ramon-cugat-demanar-instal-lacions-franc_157600.html,L’Institut Ramon Cugat va demanar instal·lacions de franc
91,pensions,DI20240926055300,DI20240926055300-16755356,Tanqueu la porta de una P... vegada i deixeu de emplenar el país de misèria. ,https://www.diariandorra.ad/nacional/240926/les-ajudes-ocasionals-mengen-resta-subvencions-d-afers-socials_158812.html,Les ajudes ocasionals es mengen la resta de subvencions d’Afers Socials
92,pensions,DI20240912061000,DI20240912061000-16029567,Aquesta setmana totes contractades a la muntanya. ,https://www.diariandorra.ad/nacional/240912/policia-investiga-altres-pisos-on-hi-prostitucio_157951.html,La policia investiga altres pisos on hi ha prostitució
93,pensions,DI20240904060000,DI20240904060000-15930817,El manual neoliberal privatitza els beneficis i socialitza les pèrdues.,https://www.diariandorra.ad/opinio/la-seca-la-meca/240904/credits-tous_157479.html,Crèdits tous
94,pensions,DI20240926055300,DI20240926055300-17063801,+1,https://www.diariandorra.ad/nacional/240926/les-ajudes-ocasionals-mengen-resta-subvencions-d-afers-socials_158812.html,Les ajudes ocasionals es mengen la resta de subvencions d’Afers Socials
95,pensions,DI20240906055500,DI20240906055500-15952677,Que vagin a EEUU a demanar això... Que vagin al Trump que te mokts tetrenys veuràs quin riure i amb quines condicions xd,https://www.diariandorra.ad/nacional/240906/l-institut-ramon-cugat-demanar-instal-lacions-franc_157600.html,L’Institut Ramon Cugat va demanar instal·lacions de franc
96,pensions,DI20240925055900,DI20240925055900-16389065,"Mira de entrada no soc funcionari, de la meva situació laboral no en tens ni idea així que no treguis conclusions tant rapides. ",https://www.diariandorra.ad/nacional/240925/concordia-vol-limitar-els-permisos-d-acces-pais-atorga-govern_158746.html,Concòrdia vol limitar els permisos d’accés al país que atorga el Govern
97,pensions,DI20240922060300,DI20240922060300-16362023,Jahaha. 50 pavos. Ho que valen 2 paquets de paper de cul,https://www.diariandorra.ad/nacional/240922/pensio-revalora-50-euros-per-qui-cotitzat-mes-20-anys_158574.html,La pensió es revalora 50 euros per a qui ha cotitzat més de 20 anys
98,pensions,AL20240925164000,AL20240925164000-226080,Tal qual.,https://www.altaveu.com/actualitat/sanitat/cass-tanca-primer-semestre-deficit-sanitari-157-milions-euros_60584_102.html,"La CASS tanca el primer semestre amb un dèficit sanitari de 15,7 milions d’euros"
99,pensions,DI20240925055900,DI20240925055900-16391155,"Totalment d.accord. ,ja fa anys que el pais ho necessita....",https://www.diariandorra.ad/nacional/240925/concordia-vol-limitar-els-permisos-d-acces-pais-atorga-govern_158746.html,Concòrdia vol limitar els permisos d’accés al país que atorga el Govern
100,catala,DI20240909110700,DI20240909110700-15994056,Si t'el guatdes a caseta segur que no li passarà res.,https://www.diariandorra.ad/nacional/240909/l-amo-gos-acusa-parc-l-alt-pirineu-l-atac-l_157732.html,L’amo del gos acusa el Parc de l’Alt Pirineu de l’atac de l’os
101,catala,DI20240924061000,DI20240924061000-16383068,"Per molta música celestial i poesia que alguns ens volen fer escoltar, l'Alt d'Urgell (pel moment) no és la vuitena parròquia d'Andorra. ",https://www.diariandorra.ad/nacional/240924/pirineu-viu-culpa-andorra-tots-els-mals-l-alt-urgell_158684.html,Pirineu Viu culpa Andorra de tots els mals de l’Alt Urgell
102,catala,AL20240918215300,AL20240918215300-225109,"si només fos a circulació, i els altres departaments que .... i el sindicat on es ?",https://www.altaveu.com/actualitat/administracio/catala-fa-tombar-concursos-trobar-sotsoficial-caporals-circulacio-andorra-vella_60423_102.html,El català fa tombar els concursos per trobar sotsoficial i caporals de circulació a Andorra la Vella
103,catala,DI20240924061000,DI20240924061000-16377707,"Quanta gent de la Seu i de tot l'alt Urgell viu a Andorra ? Moooolta i han estat ben acollits per Andorra i no se'ls ha senyalat mai com un problema per Andorra, ni se'ls culpa de la pujada de preus de l'habitatge a Andorra quan també hi han contribuït. Crec que entre territoris fronterers ens hem de veure com germans, no com enemics. Hem de treballar tots junts per el territori i quan a uns els hi va bé, als altres també els hi va bé. No hem de defensar les rivalitats entre els 2 territoris.",https://www.diariandorra.ad/nacional/240924/pirineu-viu-culpa-andorra-tots-els-mals-l-alt-urgell_158684.html,Pirineu Viu culpa Andorra de tots els mals de l’Alt Urgell
104,catala,DI20240924061000,DI20240924061000-16390200,+1,https://www.diariandorra.ad/nacional/240924/pirineu-viu-culpa-andorra-tots-els-mals-l-alt-urgell_158684.html,Pirineu Viu culpa Andorra de tots els mals de l’Alt Urgell
105,catala,DI20240905060500,DI20240905060500-15946126,La ideologia de gènere és una aberració evolutiva pròpia de la decadència dels nostres temps.,https://www.diariandorra.ad/nacional/240905/amor-liquid-i-terra-enganxos_157540.html,Amor líquid i terra enganxós
106,catala,DI20240904054600,DI20240904054600-15935409,"Les coses no pasen per casualitat aquest país i si el país té un nivell cultural i de formació tant baix es perquè els polítics s'han pirrat per aquest model de país i immigració, no cal donar tota la culpa a ells que aquí no entra ningú si govern no vol.",https://www.diariandorra.ad/nacional/240904/l-allau-d-inscripcions-desborda-les-previsions-per-als-cursos-catala_157473.html,L’allau d’inscripcions desborda les previsions per als cursos de català
107,catala,DI20240922060000,DI20240922060000-16355861,"Els socialistes i la seva colla de bruixes histèriques segueixen fent jocs de malabars per intentar destronar el coprincep, ",https://www.diariandorra.ad/nacional/240922/espot-vol-tractar-amb-illa-conveni-sanitari_158573.html,Espot vol tractar amb Illa el conveni sanitari
108,catala,DI20240924061000,DI20240924061000-16377056,Si no fos per Andorra el Pirineu s'estaria morint de gana i tot seguiria a l'édat de pedra.Quina vergonya aquesta gent amb poc cap,https://www.diariandorra.ad/nacional/240924/pirineu-viu-culpa-andorra-tots-els-mals-l-alt-urgell_158684.html,Pirineu Viu culpa Andorra de tots els mals de l’Alt Urgell
109,catala,DI20240920124600,DI20240920124600-16335069,"Ja som Hispano andorrans portuguesos, llatins i caribenys, tenim més tracte amb el tercer món que amb els països desenvolupats del nord d'Europa.",https://www.diariandorra.ad/nacional/240920/molne-aposta-per-mes-cooperacio-internacional-conferencia-iberoamericana_158490.html,Molné aposta per més cooperació internacional a la conferència iberoamericana
110,catala,DI20240924061000,DI20240924061000-16377044,Informat abans de parlar perquè justament hi ha lleis per transfronterers ;),https://www.diariandorra.ad/nacional/240924/pirineu-viu-culpa-andorra-tots-els-mals-l-alt-urgell_158684.html,Pirineu Viu culpa Andorra de tots els mals de l’Alt Urgell
111,catala,DI20240924061000,DI20240924061000-16377331,"Els mals de la vostra comarca, els mals de la vostra comunitat autonoma i del vostre pais ( Espanya) es directament proporcional a com heu votat, si voteu ineptes, doncs ateniu-vos a les consequencies, i la gent i empreses no fugirien si no els robessin el 50% del que guanyen. Pero seguiu votant ineptes e inutils que nomes estan on estan per llepar culs i envolicar-se amb la bandera. Disfruteu de lo votat!!! I els unics culpables d’aquesta situacio sou el poble per votar a qui voteu.",https://www.diariandorra.ad/nacional/240924/pirineu-viu-culpa-andorra-tots-els-mals-l-alt-urgell_158684.html,Pirineu Viu culpa Andorra de tots els mals de l’Alt Urgell
112,catala,DI20240908131100,DI20240908131100-15987371,"Estem segurs que amb irresponsables com aquest  ¨propietari de gos¨, que passi una desgràcia serà fàcil. ",https://www.diariandorra.ad/nacional/240908/propietari-gos-respon-durament-parc-l-alt-pirineu_157709.html,El propietari del gos respon durament al Parc de l'Alt Pirineu
113,catala,DI20240909110200,DI20240909110200-16000987,Quants mestres mantenim per 11.300 alumnes?,https://www.diariandorra.ad/nacional/240909/els-escolars-inicien-curs_157751.html,El curs escolar arrenca amb 11.352 alumnes
114,catala,AL20240918215300,AL20240918215300-225273,"Secret professional de què? Si està publicat al bopa on tothom té accés on és el secret? El que calen son comandaments com déu mana, no el que hi ha ara, que de dos no en fas un. Que inclús en el seu dia de festa van buscant al guàrdia a veure que fá, veuen vehicle mal estacionat i fan fotos i l'envien per WhatsApp per a que vagi el guardia i faci algo, en comptes de gaudir de la festa o les vacances en família. M'alegro que hagi sortit aquesta notícia, així el ciutadà s'adona que això de millorar el mal clima laboral és una simple ""pantomima"" fan els edictes a mida i després passa el que passa i qui acaba perjudicat es el ciutadà. Des de gener del 2023, on estàn les càmares unipersonals, s'ha parlat algo de la prejubilació, s'ha definit el tema de ""Cos especial en àmbit comunal""? Estem entrant al 2025 i res de res, clar, es que com és una millora, que es fotin. I no és un capritx és per llei, tant si els hi agrada com si no, a que esperen a respectar la llei o complir-la? Però després si l'agent fa algo que no agrada al comandament tot i que el comandament tingui festa o vacances estàs fotut.",https://www.altaveu.com/actualitat/administracio/catala-fa-tombar-concursos-trobar-sotsoficial-caporals-circulacio-andorra-vella_60423_102.html,El català fa tombar els concursos per trobar sotsoficial i caporals de circulació a Andorra la Vella
115,catala,DI20240904054600,DI20240904054600-15930556,Molt bé. Si no domines la llengua del país per a que vius a aqueix país?,https://www.diariandorra.ad/nacional/240904/l-allau-d-inscripcions-desborda-les-previsions-per-als-cursos-catala_157473.html,L’allau d’inscripcions desborda les previsions per als cursos de català
116,catala,DI20240904054600,DI20240904054600-15936559,Com el castella pel spanglish,https://www.diariandorra.ad/nacional/240904/l-allau-d-inscripcions-desborda-les-previsions-per-als-cursos-catala_157473.html,L’allau d’inscripcions desborda les previsions per als cursos de català
117,catala,AL20240915213100,AL20240915213100-224596,"Transcripció literal d’un article del cod penal,en fi deu ser d’algun que es creu erudit en matèria.",https://www.altaveu.com/reportatges/catala-fet-mida_60322_102.html,Català fet a mida?
118,catala,DI20240915060200,DI20240915060200-16053718,"es dir, tu et trobes devant d un os que et ve a atacar i vas amb el rifle i no fas res? li demanes sisplau que et deixi en pau? a com?",https://www.diariandorra.ad/nacional/240915/setmana-l-isard-amb-record-participants_158134.html,Una setmana de l’isard amb rècord de participants
119,catala,DI20240924061000,DI20240924061000-16382842,"Doncs el capitalista Milton té tota la raó. Tota aquesta gent es presenten com a “moviments socials” en el fons amaguen pulsions col·lectivitzadores i contràries a les llibertats individuals, esquerra de la més rància i casposa, en fi, que al final sempre se sap de que plora la criatura. ",https://www.diariandorra.ad/nacional/240924/pirineu-viu-culpa-andorra-tots-els-mals-l-alt-urgell_158684.html,Pirineu Viu culpa Andorra de tots els mals de l’Alt Urgell
120,catala,DI20240924061000,DI20240924061000-16378444,"A l’Alt Urgell i a la Cerdanya no hi ha cap problema amb els preus. Jo vaig heredar del papà una hisenda a Bolvir on hi tenim cavalls i hi pujo amb el Maserati els caps de setmana d’hivern a esquiar, i alguns dies a l’estiu al",https://www.diariandorra.ad/nacional/240924/pirineu-viu-culpa-andorra-tots-els-mals-l-alt-urgell_158684.html,Pirineu Viu culpa Andorra de tots els mals de l’Alt Urgell
121,catala,DI20240924064300,DI20240924064300-16384976,Gràcies per dir el que molts sentim i pensem!! ,https://www.diariandorra.ad/opinio/la-tribuna/240924/pont_158698.html,El pont
122,catala,DI20240924061000,DI20240924061000-16378989,"Al final són gent amb poca feina i ganes de protagonisme que no ha tingut mai ni amb els amics, gent frustrada i poc treballadora, fa dies que sabem qui sou, però si no fos per Andorra i una mica Piugcerda ens morirem de gana, sou una vergonya per nosaltres, andorrans ni cas, molts de nosaltres som família o amics, aquests no son ningú.",https://www.diariandorra.ad/nacional/240924/pirineu-viu-culpa-andorra-tots-els-mals-l-alt-urgell_158684.html,Pirineu Viu culpa Andorra de tots els mals de l’Alt Urgell
123,catala,DI20240924061000,DI20240924061000-16377629,Aquesta afirmació es pot girar a la inversa. Els problemes d'habitatge d'Andorra no es poden traslladar a un altre país amb residències fictícies i després culpar-lo.,https://www.diariandorra.ad/nacional/240924/pirineu-viu-culpa-andorra-tots-els-mals-l-alt-urgell_158684.html,Pirineu Viu culpa Andorra de tots els mals de l’Alt Urgell
124,catala,DI20240908131100,DI20240908131100-15991951,La llàstima és el teu comentari. És nota que un amargat sense amics,https://www.diariandorra.ad/nacional/240908/propietari-gos-respon-durament-parc-l-alt-pirineu_157709.html,El propietari del gos respon durament al Parc de l'Alt Pirineu
125,catala,DI20240908131100,DI20240908131100-15986219,Lligat i An  morrió posat de por vida,https://www.diariandorra.ad/nacional/240908/propietari-gos-respon-durament-parc-l-alt-pirineu_157709.html,El propietari del gos respon durament al Parc de l'Alt Pirineu
126,catala,DI20240927054100,DI20240927054100-17075026,COM DIU EL REFRAN ( EL UNO POR EL OTRO Y LA CASA SIN BARRER). ,https://www.diariandorra.ad/parroquies/240927/dards-encreuats-per-l-habitatge-i-les-inversions-majoria-i-minoria_158877.html,Dards encreuats per l’habitatge i les inversions entre majoria i minoria
127,catala,DI20240901060700,DI20240901060700-15901443,"Andorra és al fons i a la forma anglofona, tots els esdeveniments polítics, culturals i mercantils són rotulats sistemàticament en anglès.",https://www.diariandorra.ad/nacional/240901/quatre-docents-reforcen-l-area-llengua-catalana-per-afrontar-nou-curs_157310.html,Quatre docents reforcen l’àrea de llengua catalana per afrontar el nou curs
128,catala,DI20240915060200,DI20240915060200-16052089,"A exterminar exemplars d'isards en digueu la ""setmana de l'Isard"" i termes tous com a ""captures""? Perquè no feu servir termes reals com una setmana amb llicència per matar esportivament isards, muflóns i cabirols.?",https://www.diariandorra.ad/nacional/240915/setmana-l-isard-amb-record-participants_158134.html,Una setmana de l’isard amb rècord de participants
129,catala,DI20240911112100,DI20240911112100-16017843,"Vaja, doncs primera multa al govern!!!",https://www.diariandorra.ad/nacional/240911/cultura-destina-46-000-euros-campanya-per-difondre-llei-catala_157899.html,Cultura destina 46.000 euros a la campanya per difondre la llei del català
130,catala,DI20240912064700,DI20240912064700-16031098,Però quina és la teva queixa?,https://www.diariandorra.ad/opinio/la-seca-la-meca/240912/llengua-imprescindible_157965.html,Una llengua imprescindible
131,catala,DI20240907175800,DI20240907175800-15984670,"si cada cop que puja el sem pediatric a buscar un nadó andorrà, o cada cop que fem servir un llit de UCI a sant pau haguesin de fer comentaris com el teu… no hi hauria prou pagines per omplir! es ajuda reciproca! i felicitats a bombers i responsables per tenir aquest recursos tecnologis i humans i poder oferir aquest servei a qui ho necesiti. ",https://www.diariandorra.ad/nacional/240907/bombers-mobilitza-l-helicopter-rescat-nocturn-territori-catala_157698.html,Bombers mobilitza l'helicòpter en un rescat nocturn en territori català
132,catala,DI20240908113000,DI20240908113000-15990357,"És a la zona del túnel, on ja fa temps que és a 80 i molta gent no en fa cas.",https://www.diariandorra.ad/nacional/240908/nou-radar-tram-l-2-bruc_157704.html,Nou radar de tram a l'A-2 al Bruc
133,catala,AL20240918215300,AL20240918215300-225275,"Les convocatories de govern son cada any. Ja fa dies que us podieu haver tret el B2, però entenc que és més fàcil  protestar que obrir un llibre.",https://www.altaveu.com/actualitat/administracio/catala-fa-tombar-concursos-trobar-sotsoficial-caporals-circulacio-andorra-vella_60423_102.html,El català fa tombar els concursos per trobar sotsoficial i caporals de circulació a Andorra la Vella
134,catala,DI20240909110700,DI20240909110700-15995880,I l'os s'ha de hallar les urpes.,https://www.diariandorra.ad/nacional/240909/l-amo-gos-acusa-parc-l-alt-pirineu-l-atac-l_157732.html,L’amo del gos acusa el Parc de l’Alt Pirineu de l’atac de l’os
135,catala,DI20240928163500,DI20240928163500-19113168,"Si, si, llengua moooolt viva, des de l'Alguer fins a Soldeu. Un xic exagerada la ministra.",https://www.diariandorra.ad/nacional/240928/bonell-reivindica-catala-com-llengua-viva-barcelona_158968.html,Bonell reivindica el català com a llengua viva a Barcelona
136,catala,DI20240903132200,DI20240903132200-15926162,Busques feina?,https://www.diariandorra.ad/nacional/240903/s-esgoten-temps-record-les-inscripcions-als-cursos-catala_157446.html,S'esgoten en temps rècord les inscripcions als cursos de català
137,catala,DI20240924061000,DI20240924061000-16376572,"Denúncia a tots aquells que no paguen els seus impostos on viuen, i solventat. ",https://www.diariandorra.ad/nacional/240924/pirineu-viu-culpa-andorra-tots-els-mals-l-alt-urgell_158684.html,Pirineu Viu culpa Andorra de tots els mals de l’Alt Urgell
138,catala,DI20240904054600,DI20240904054600-15931016,"Lo harán,  como lo han hecho tus padres o abuelos",https://www.diariandorra.ad/nacional/240904/l-allau-d-inscripcions-desborda-les-previsions-per-als-cursos-catala_157473.html,L’allau d’inscripcions desborda les previsions per als cursos de català
139,catala,DI20240908131100,DI20240908131100-15989516,Vespa! ,https://www.diariandorra.ad/nacional/240908/propietari-gos-respon-durament-parc-l-alt-pirineu_157709.html,El propietari del gos respon durament al Parc de l'Alt Pirineu
140,catala,DI20240908131100,DI20240908131100-15988085,"a la muntanya on no hi ha gent al voltant no hi ha cap problema per portar el gos deslligat!! Ja sabem que els que decideixen introduir ossos al Pirineu són una colla de ""pixapins"" que van a la muntanya de Collserola i prou! desitjo que el gos es curi ben aviat !",https://www.diariandorra.ad/nacional/240908/propietari-gos-respon-durament-parc-l-alt-pirineu_157709.html,El propietari del gos respon durament al Parc de l'Alt Pirineu
141,catala,DI20240907175800,DI20240907175800-15984658,"el problema el teniu els anticatalans! que esteu mes obsesionats en rependre als catalans que en arreglar el nostre pais! espanya te mes 500.000 km2, quin problema hi ha en especificar que han actuat en territori català? perque parlen de territori, no de nacio ni pais! ",https://www.diariandorra.ad/nacional/240907/bombers-mobilitza-l-helicopter-rescat-nocturn-territori-catala_157698.html,Bombers mobilitza l'helicòpter en un rescat nocturn en territori català
142,catala,AL20240903194700,AL20240903194700-222823,"Hauríeu de dir, si parles el Català ets un tiu cullunut, i si parles un altre idioma no, sobretot el Español",https://www.altaveu.com/reportatges/catala-enganxa_60060_102.html,El català enganxa
143,catala,DI20240905060500,DI20240905060500-15945177,Ridícul total!,https://www.diariandorra.ad/nacional/240905/amor-liquid-i-terra-enganxos_157540.html,Amor líquid i terra enganxós
144,catala,DI20240904060200,DI20240904060200-15929193,"Felicitar-vos, amb anterioritat, el Nadal inclusiu 2024. ""Maduro ja ha avançat les festes a l'U d'octubre."" “Per a tots i totes. Amb pau, felicitat i seguretat i bombolletes”. Va ser però ell 2020, quan la seva agenda, que no requereix ni dret llei, per primer cop les va anterioritzar. ",https://www.diariandorra.ad/opinio/foc-i-lloc/240904/retorn_157482.html,El retorn
145,catala,DI20240924061000,DI20240924061000-16380120,JO pujo amb el Lanborghini  es mes economic que el teu  Maserati...,https://www.diariandorra.ad/nacional/240924/pirineu-viu-culpa-andorra-tots-els-mals-l-alt-urgell_158684.html,Pirineu Viu culpa Andorra de tots els mals de l’Alt Urgell
146,catala,DI20240923064000,DI20240923064000-16365694,Un mot que dona riuades de conceptes i de maneres de veure-ho! Podriem fer-ne centenars de columnes i si ho conjuguem amb bó i dolent…..,https://www.diariandorra.ad/opinio/les-set-claus/240923/tenir-bona-consciencia_158632.html,Tenir bona consciència
147,catala,DI20240911112100,DI20240911112100-16018291,"Totalment d'acord, no serveix per res, fer el paperot. ",https://www.diariandorra.ad/nacional/240911/cultura-destina-46-000-euros-campanya-per-difondre-llei-catala_157899.html,Cultura destina 46.000 euros a la campanya per difondre la llei del català
148,catala,DI20240924061000,DI20240924061000-16380836,Tant andorrans com africans son benvinguts!!,https://www.diariandorra.ad/nacional/240924/pirineu-viu-culpa-andorra-tots-els-mals-l-alt-urgell_158684.html,Pirineu Viu culpa Andorra de tots els mals de l’Alt Urgell
149,catala,DI20240924061000,DI20240924061000-16377345,Si l'habitatge a Andorra fos assequible no es donarien aquestes situacions de residències fictícies.,https://www.diariandorra.ad/nacional/240924/pirineu-viu-culpa-andorra-tots-els-mals-l-alt-urgell_158684.html,Pirineu Viu culpa Andorra de tots els mals de l’Alt Urgell
150,avortament,DI20240910055000,DI20240910055000-16004633,"El problema de la prostitució es que normalment aquestes peesones venen drogues per complimentar la seva professió. La prostitució implica drogues, proxenetisme i mafia. ",https://www.diariandorra.ad/nacional/240910/prostitucio-pis-centre-d-encamp_157788.html,Prostitució en un pis al centre d’Encamp
151,avortament,DI20240921063500,DI20240921063500-16346427,"El políticament correcte és seguir la tendència, i ja n'estic tip i fart de tant bonisme, i el quedar bé de cara la galeria. ",https://www.diariandorra.ad/opinio/foc-i-lloc/240921/apocalipsi-woke_158541.html,Apocalipsi woke
152,avortament,DI20240924055600,DI20240924055600-16376578,Qui paga la festa universitària de les bruixes?,https://www.diariandorra.ad/parroquies/240924/bruixeria-ja-protagonista-sant-julia-loria_158679.html,La bruixeria ja és la protagonista a Sant Julià de Lòria
153,avortament,DI20240919195200,DI20240919195200-16329966,El dia que us doneu compte que cada embrio abortat podia ser un de nosaltres flipareu amb la doble moral que vivim… hitler i la camara de gas un juguet comparat amb el que esta passant en els nostres temps…  racionalidad limitada deia Kant… i tant limitada que de racionalitat ben poca,https://www.diariandorra.ad/nacional/240919/els-primers-avencos-sobre-despenalitzacio-l-avortament-tindran-2025_158443.html,Els primers avenços sobre la despenalització de l'avortament es tindran el 2025
154,avortament,DI20240921063500,DI20240921063500-16355892,I què proposes? Que es tractin com a malalts mentals i siguen tancats en manicomis?,https://www.diariandorra.ad/opinio/foc-i-lloc/240921/apocalipsi-woke_158541.html,Apocalipsi woke
155,avortament,DI20240902055800,DI20240902055800-15911213,"La burocràcia internacional té les seves filials a tots els països, això dóna de viure a polítics afins i còmplices.",https://www.diariandorra.ad/nacional/240902/cop-mes-agencies_157354.html,Cada cop més agències
156,avortament,DI20240910055000,DI20240910055000-16013048,totalment d'acord!,https://www.diariandorra.ad/nacional/240910/prostitucio-pis-centre-d-encamp_157788.html,Prostitució en un pis al centre d’Encamp
157,avortament,DI20240910055000,DI20240910055000-16012036,No saps lo que dius noi!  Cadascú amb el seu cos pot fer el que vulgui...,https://www.diariandorra.ad/nacional/240910/prostitucio-pis-centre-d-encamp_157788.html,Prostitució en un pis al centre d’Encamp
158,avortament,DI20240902055600,DI20240902055600-15909938,Aqui s'amaguen estadistiques com a tot arreu... es segur però tb van a robar a casa del presi o joieriea i no passa res oi? hi han furts amb força.... i uns quants,https://www.diariandorra.ad/nacional/240902/nou-index-situa-andorra-com-pais-mes-segur-mon_157353.html,Un nou índex situa Andorra com el país més segur del món
159,avortament,DI20240926122300,DI20240926122300-17065491,Quin mal gust (com sempre) en el nom,https://www.diariandorra.ad/nacional/240926/stop-violencies-engega-seva-campanya-f-cked-per-reivindicar-dret-les-dones-avortar_158845.html,Stop Violències engega la campanya 'F*cked' per reivindicar l'avortament
160,avortament,DI20240921063500,DI20240921063500-16348802,Totalmen dacord artemisa aquests susodichos solen ser els que mes discriminen els col.lectius LGBTIQ + ,https://www.diariandorra.ad/opinio/foc-i-lloc/240921/apocalipsi-woke_158541.html,Apocalipsi woke
161,avortament,DI20240910055000,DI20240910055000-16004981,"I les parelles que no s'aguanten però viueen junts perque no hi ha més... perquè sino no poden pagar-se un pis? això es prostitució, precarietat o que coi es això? em sembla el problema més greu que hi ha al pais i no 4 p***s",https://www.diariandorra.ad/nacional/240910/prostitucio-pis-centre-d-encamp_157788.html,Prostitució en un pis al centre d’Encamp
162,avortament,DI20240902055600,DI20240902055600-15912051,"A la que tingueu els Mossos ja veure-ho,com us fotran fins els calçotets…fora bromes,sou segurs,nets i educats cosa que als països que us envolten no son gens.Seguiu així andorrans ",https://www.diariandorra.ad/nacional/240902/nou-index-situa-andorra-com-pais-mes-segur-mon_157353.html,Un nou índex situa Andorra com el país més segur del món
163,avortament,DI20240904060300,DI20240904060300-15929523,"La perversió lingüística forma part de l'ingenyieria social adormidora de la ment i manipuladora de l'intel.ligència ""global/ment""",https://www.diariandorra.ad/opinio/la-tribuna/240904/mirador-pais-globalitzacio-i-dones_157483.html,El mirador del país: globalització i dones
164,avortament,DI20240924122500,DI20240924122500-16378507,No va ben bé així. Sense bisbe no hi ha coprincipat. S'ha acabat l'invent. Passem a una altra cosa i seria una república. ,https://www.diariandorra.ad/opinio/les-set-claus/240924/article-coadjutor_158699.html,Article coadjutor
165,avortament,DI20240912102700,DI20240912102700-16027631,"Evidentment, sort ni tenim de gent que vulgui treballar i sigui conscient que tenim clientela barata.",https://www.diariandorra.ad/nacional/240912/juny-tanca-amb-304-persones-recerca-feina_157981.html,L'agost es tanca amb 304 persones en recerca de feina
166,avortament,DI20240921063500,DI20240921063500-16343677,Censurado por argumentar con impecable respeto y educación todo lo que es el wokismo. La prueba de lo que he denunciado que es; entre otras cosas: la ventana de overton para la censura y la autocensura.,https://www.diariandorra.ad/opinio/foc-i-lloc/240921/apocalipsi-woke_158541.html,Apocalipsi woke
167,avortament,DI20240915104500,DI20240915104500-16063445,Molt interessant! Que pugui mantenir-se aquesta activitat tan beneficiosa pels pacients i alhora gratificant per la terapeuta. Endavant!Anna ,https://www.diariandorra.ad/nacional/240915/musica-com-acompanyament-l-etapa-final-vida_158159.html,La música com a acompanyament a l'etapa final de la vida
168,avortament,DI20240910055000,DI20240910055000-16012708,Val mes compra la llet que mantenir la vaca.,https://www.diariandorra.ad/nacional/240910/prostitucio-pis-centre-d-encamp_157788.html,Prostitució en un pis al centre d’Encamp
169,avortament,AL20240928105700,AL20240928105700-226618,"Com s’agraden, quines miradetes….",https://www.altaveu.com/actualitat/afers-exteriors/espot-comparteix-parolin-avencos-en-relacio-joc-equilibris-sobre-avortament_60661_102.html,Espot comparteix amb Parolin els avenços en relació al joc d’equilibris sobre l’avortament
170,avortament,DI20240910055000,DI20240910055000-16005744,"El problema són els srs  que consumeixen aquest tipus de serveis. Igual us penseu que ho fan perquè voleu i us creieu que sou els millors quan us diuen ""que rico cariño"" 😂😂😂😂eres el mejor mi amor😂😂😂 Patètics!!!",https://www.diariandorra.ad/nacional/240910/prostitucio-pis-centre-d-encamp_157788.html,Prostitució en un pis al centre d’Encamp
171,avortament,DI20240927062400,DI20240927062400-17084192,És que el pare de vegades se'n va.. ,https://www.diariandorra.ad/nacional/240927/stop-violencies-s-uneix-amb-entitat-venecolana-proavortista_158895.html,Stop Violències s’uneix amb una entitat veneçolana proavortista
172,avortament,DI20240902055600,DI20240902055600-15911160,"a la web de CEO World, Andorra surt en posició 30 amb 91,19 punts i Monaco en primera posició amb 98 punts. Dit això, tampoc estic conforme amb que Andorra ocupi la 30a posició, vist els paisos que apareixen per sobre nostre...",https://www.diariandorra.ad/nacional/240902/nou-index-situa-andorra-com-pais-mes-segur-mon_157353.html,Un nou índex situa Andorra com el país més segur del món
173,avortament,DI20240921063500,DI20240921063500-16344428,"Calla’t ja, pavoh",https://www.diariandorra.ad/opinio/foc-i-lloc/240921/apocalipsi-woke_158541.html,Apocalipsi woke
174,avortament,DI20240916055500,DI20240916055500-16064206,"I si tens un problema de salut mental, crec que la cosa pot ser pitjor, perquè hi ha tendència a desacreditar a algú per això. ",https://www.diariandorra.ad/nacional/240916/dona-maltractada-queixa-les-dilacions-judicials_158191.html,Una dona maltractada es queixa de les dilacions judicials
175,avortament,DI20240924122500,DI20240924122500-16380940,"No és que el cronista intenti ridiculitzar l'acte i actors, és que considero determinadament ridícul l'acte i coreografia..ah! i també el vestuari. Ite missa est.",https://www.diariandorra.ad/opinio/les-set-claus/240924/article-coadjutor_158699.html,Article coadjutor
176,avortament,DI20240924122500,DI20240924122500-16377360,"Hola Gabriel, república, ok. Però podem desconnectar-nos del cordó umbilical del copríncep francès? No crec pas. ",https://www.diariandorra.ad/opinio/les-set-claus/240924/article-coadjutor_158699.html,Article coadjutor
177,avortament,DI20240910055000,DI20240910055000-16008224,Aquesta notícia mereix ser portada del diari?,https://www.diariandorra.ad/nacional/240910/prostitucio-pis-centre-d-encamp_157788.html,Prostitució en un pis al centre d’Encamp
178,avortament,DI20240918054100,DI20240918054100-16313074,Em va encantar l'actuació que vau fer al Jambo.,https://www.diariandorra.ad/parroquies/240918/contradans-mira-cap-futur_158320.html,Un Contradans que mira cap al futur
179,avortament,DI20240902055600,DI20240902055600-15919447,Clar que sí xaval. Que tens una hipoteca per 40 anys? Cuan pagarás al banc al final de l'hipoteca? Quina rabia els que penseu per tindre un pis sou millors. ,https://www.diariandorra.ad/nacional/240902/nou-index-situa-andorra-com-pais-mes-segur-mon_157353.html,Un nou índex situa Andorra com el país més segur del món
180,avortament,DI20240910055000,DI20240910055000-16007925,Si el meu home vol anar de pilinguis que vagi.  Mentres a mi em deixin tranquila ...,https://www.diariandorra.ad/nacional/240910/prostitucio-pis-centre-d-encamp_157788.html,Prostitució en un pis al centre d’Encamp
181,avortament,DI20240919195200,DI20240919195200-16333403,Defensar la vida del no nascut no és una qüestió religiosa.,https://www.diariandorra.ad/nacional/240919/els-primers-avencos-sobre-despenalitzacio-l-avortament-tindran-2025_158443.html,Els primers avenços sobre la despenalització de l'avortament es tindran el 2025
182,avortament,DI20240924122500,DI20240924122500-16376776,Just a la fusta Gabi 👏👏👏👏👏 ,https://www.diariandorra.ad/opinio/les-set-claus/240924/article-coadjutor_158699.html,Article coadjutor
183,avortament,DI20240910055000,DI20240910055000-16004465,Millor així no cal sortir d'Andorra i gastar gasolina ,https://www.diariandorra.ad/nacional/240910/prostitucio-pis-centre-d-encamp_157788.html,Prostitució en un pis al centre d’Encamp
184,avortament,DI20240926055600,DI20240926055600-17040383,"Si les dones deixessin de queixar-se, fer-se les víctimes vivint de les quotes de gènere i es dediquessin a muntar startups o negocis propis arriscant el seu capital s'acabarien gairebé tots els problemes d'igualtat.",https://www.diariandorra.ad/nacional/240926/campanya-per-aplicar-igualtat-genere-gestio-empresarial_158813.html,Campanya per aplicar la igualtat de gènere en la gestió empresarial
185,avortament,AL20240928144900,AL20240928144900-226674,Ja ho pots fer. Suposo que coneixes els preservatius.,https://www.altaveu.com/actualitat/afers-socials/institut-dones-se-suma-exigir-despenalitzacio-avortament_60671_102.html,"L’Institut de les Dones considera “innegociable” un “avortament lliure, segur i gratuït”"
186,avortament,DI20240910055000,DI20240910055000-16006167,"Putes, putetes, golfes, bagasses, furcies, meuques, ....és exactament el mateix i no és cap manca de respecte; és dir les coses pel seu nom. Treballadores sexuals és una terminologia estupida, perquè és equiparar-les a qualsevulla altra feina , quan no és cert. Si feina d'especial característiques hi ha és ben bé aquesta.  ",https://www.diariandorra.ad/nacional/240910/prostitucio-pis-centre-d-encamp_157788.html,Prostitució en un pis al centre d’Encamp
187,avortament,DI20240902055600,DI20240902055600-15911690,"Es refereix a que amb l'acord ja no es demanarien antecedents per a la majoria de gent UE. Tampoc es permetrien expulsions si no és un cas molt perillós segons el criteri de la UE, etc",https://www.diariandorra.ad/nacional/240902/nou-index-situa-andorra-com-pais-mes-segur-mon_157353.html,Un nou índex situa Andorra com el país més segur del món
188,avortament,DI20240924122500,DI20240924122500-16382821,"En certa manera és així, però tothom obvia o no vol recordar la figura que va obligar a signar i va presidir els pareatges el 1.278 a Lleida. ",https://www.diariandorra.ad/opinio/les-set-claus/240924/article-coadjutor_158699.html,Article coadjutor
189,avortament,DI20240926055600,DI20240926055600-17065316,Però ets Queer sexual no cisgenere i alhora fluid? Ho dic perquè la inclusió és específica.,https://www.diariandorra.ad/nacional/240926/campanya-per-aplicar-igualtat-genere-gestio-empresarial_158813.html,Campanya per aplicar la igualtat de gènere en la gestió empresarial
190,avortament,DI20240925104100,DI20240925104100-16390795,"Un lloc laboral ha de ser ocupat per la persona més capaç, sigui home, dona, xinès, marcià, etc. Si hi ha més homes que dones els quals demostren més capacitat per a un lloc, són ells els que ho han d'ocupar, la resta són quotes de gènere d'una correcció política absurda que obeeix a interessos del lobby feminista.",https://www.diariandorra.ad/nacional/240925/campanya-per-incorporar-igualtat-gestio-empresarial_158774.html,Campanya per aplicar la igualtat en la gestió empresarial
191,avortament,AL20240928144900,AL20240928144900-226576,"No s’ha de tenir por a afirmar que s’ha de poder avortar a Andorra. Ni que sigui a la Seu, la dona no s’ha de sentir expulsada del seu país per anar a avortar.",https://www.altaveu.com/actualitat/afers-socials/institut-dones-se-suma-exigir-despenalitzacio-avortament_60671_102.html,"L’Institut de les Dones considera “innegociable” un “avortament lliure, segur i gratuït”"
192,avortament,DI20240910055000,DI20240910055000-16013143,jajajajaj,https://www.diariandorra.ad/nacional/240910/prostitucio-pis-centre-d-encamp_157788.html,Prostitució en un pis al centre d’Encamp
193,avortament,DI20240906061100,DI20240906061100-15951854,"El Sionisme israelià no pararà fins a obtenir la terra promesa, encara que molt em temo que la terra promesa és el planeta sencer.",https://www.diariandorra.ad/opinio/la-tribuna/240906/banalitat-mal_157609.html,La banalitat del mal
194,avortament,DI20240919195200,DI20240919195200-16333832,"Si no el volen, que el donguin en adopció, com en el cas de violacions.",https://www.diariandorra.ad/nacional/240919/els-primers-avencos-sobre-despenalitzacio-l-avortament-tindran-2025_158443.html,Els primers avenços sobre la despenalització de l'avortament es tindran el 2025
195,avortament,DI20240910055000,DI20240910055000-16006620,"Per salvar Andorra de la ruïna més absoluta proposo legalitzar i invertir en la prostitució tal com s'ha fet amb el Joc i fomentar el turisme sexual, Caldea es podria convertir en una sauna Gai i Trans, prostíbuls de robots sexuals, avatars digitals, sexe digital metavers etc.",https://www.diariandorra.ad/nacional/240910/prostitucio-pis-centre-d-encamp_157788.html,Prostitució en un pis al centre d’Encamp
196,avortament,DI20240902055600,DI20240902055600-15913070,"Ni som ""82.000 residents,"" ni rebem només ""3,5 milions de visitants estrangers cada any"": aquesta revista deu vendre publicitat més que contingut aprofundit. Dubto de la seva credibilitat.",https://www.diariandorra.ad/nacional/240902/nou-index-situa-andorra-com-pais-mes-segur-mon_157353.html,Un nou índex situa Andorra com el país més segur del món
197,avortament,DI20240904060300,DI20240904060300-15930088,"L'Agenda 2030 consisteix a beneficiar el gran capital, bancs i les xarxes clientelars dels partits polítics, el ciutadà mitjà està exclòs.",https://www.diariandorra.ad/opinio/la-tribuna/240904/mirador-pais-globalitzacio-i-dones_157483.html,El mirador del país: globalització i dones
198,avortament,DI20240926055600,DI20240926055600-17065027,"Tranquilo te visitarán los progres y femi... Para obligarte a poner gente inútil que simplemente tendrás que alimentar por ser ""diferente"" que acabará hundiendo la empresa como todas éstas empresas que aceptaron la ideología. No vienen a trabajar solo a cobrar y vivir del cuento.",https://www.diariandorra.ad/nacional/240926/campanya-per-aplicar-igualtat-genere-gestio-empresarial_158813.html,Campanya per aplicar la igualtat de gènere en la gestió empresarial
199,avortament,DI20240919195200,DI20240919195200-16334233,"Curiosa espècie la humana, capaç d'exterminar la vida d'un bebè en nom dels seus drets elementals, amb la complicitat de polítics, metges i jutges.",https://www.diariandorra.ad/nacional/240919/els-primers-avencos-sobre-despenalitzacio-l-avortament-tindran-2025_158443.html,Els primers avenços sobre la despenalització de l'avortament es tindran el 2025
200,habitatge,DI20240923140400,DI20240923140400-16371746,La enveja no es bona “FINISH” pren la pastilleta i descansa ,https://www.diariandorra.ad/nacional/240923/pirineu-viu-anuncia-mobilitzacions-turisme-afectaran-andorra_158653.html,Pirineu Viu anuncia mobilitzacions contra el turisme que afectaran Andorra
201,habitatge,AL20240904111200,AL20240904111200-222942,"Ole tu, si sr. Y los carracos que hay aparcados en Jovial? Si si, eso es a lo que ayudamos. Totalmente deacuerdo. 1mil pisos para 80mil. Baya solucion",https://www.altaveu.com/actualitat/afers-socials/pisos-lloguer-pas-adjudicaran-sense-moblar-durant-primera-quinzena-mes-vinent_60067_102.html,Els pisos de lloguer del Pas s’adjudicaran sense moblar durant la primera quinzena del mes vinent
202,habitatge,DI20240926135900,DI20240926135900-17066684,"Son coses que poden passar, lo pitjor a tot això es que un club d'Andorra no compti amb el suport del país per fer-lo crèixer... donem molt mala imatge.",https://www.diariandorra.ad/esports/240926/trenquen-les-negocacions-l-fc-andorra-i-propietat-per-l-estadi-borda-mateu_158852.html,La propietat de la Borda Mateu trenca les negociacions amb l'FC Andorra per l'estadi
203,habitatge,DI20240927162300,DI20240927162300-17075680,"Han estat marejant la perdiu per que pensen que ho pagarem entre tots quan a Encamp ho tenien tot a favor, be no , ells no volien pagar la seva part…..",https://www.diariandorra.ad/esports/240927/trencat-l-acord-per-nou-estadi_158874.html,Trencat l'acord per al nou estadi
204,habitatge,DI20240918055100,DI20240918055100-16316312,"Abans d'ahir en vaig veure una de bici Cycland, la primera que veig, i això que volto.",https://www.diariandorra.ad/nacional/240918/cicland-projecta-tancar-l-any-amb-uns-36-000-desplacaments_158329.html,Cicland projecta tancar l’any amb uns 36.000 desplaçaments
205,habitatge,DI20240904120100,DI20240904120100-15930964,Aquests són els pisos de preu assequible? 800 euros en el Pas de la Casa i sense moblar?,https://www.diariandorra.ad/nacional/240904/els-preu-dels-pisos-lloguer-pas-oscil-lara-els-470-i-els-825-euros_157509.html,Els pisos de lloguer de la Solana s'entregaran sense moblar
206,habitatge,BO20240917010004,BO20240917010004-0,"Mare meva aquets de la CEA sou uns impresentables!!! no teniu vergonya, esta el país que sembla el barri Xines i encara volen portar mes desnonats aquí per tenir el país tensionat als límits en TEMA HABITATGE, SALARIS, AJUDES A AFERS SOCIAL etc, SOU LA VERGONYA DEL PAIS QUE SOLS VOLEU GENT LOW COST SENSE CAP FORMACIO RONDANT L’ANANLFABETISME PER PAGAR UNA MERDA, espero que petint tots els vostre negocis cutres salxixeros que no els i queda ni un tele diari per el servei patètic que doneu. IMPRESENTABLES",https://www.bondia.ad/economia/la-cea-demana-flexibilitzar-de-nou-l-arribada-d-alguns-treballadors,La CEA demana flexibilitzar de nou l’arribada d’alguns treballadors
207,habitatge,DI20240913060800,DI20240913060800-16034420,"Quina explicació voleu que doni, quan no n'hi ha.",https://www.diariandorra.ad/nacional/240913/da-veta-espot-comparegui-per-grifols_158018.html,DA veta que Espot comparegui per Grifols
208,habitatge,DI20240925054800,DI20240925054800-16388922,"Ironitzes, o vius a la lluna o univers DA.",https://www.diariandorra.ad/nacional/240925/les-sol-licituds-d-ajudes-ofereix-joventut-per-emancipar-redueixen_158743.html,Les sol·licituds d’ajudes que ofereix Joventut per poder emancipar-se es redueixen
209,habitatge,DI20240913060800,DI20240913060800-16035171,I l'artifex d'aquest projecte el exministre Sr.Martinez no té res a dir??,https://www.diariandorra.ad/nacional/240913/da-veta-espot-comparegui-per-grifols_158018.html,DA veta que Espot comparegui per Grifols
210,habitatge,DI20240923182300,DI20240923182300-16370940,Per el bé de tots espero que tot el que ara s’està construint ja estigui venut.,https://www.diariandorra.ad/nacional/240923/nombre-d-hipoteques-baixa-336-primer-semestre_158644.html,El nombre d'hipoteques baixa a 336 en el primer semestre
211,habitatge,AL20240920114300,AL20240920114300-225409,Si aixo es aixi NO hi ha un problema rellevant,https://www.altaveu.com/actualitat/afers-socials/coordinadora-habitatge-calcula-2023-hi-va-haver-950-casos-reals-trampes-abusos_60460_102.html,La Coordinadora de l’Habitatge calcula que el 2023 hi va haver 950 casos reals de trampes i abusos
212,habitatge,AL20240904111200,AL20240904111200-222943,"Pues hombre, más que un apunte a mi me huele a crítica por un tubo. Quizá lo he malinterpretado oye.",https://www.altaveu.com/actualitat/afers-socials/pisos-lloguer-pas-adjudicaran-sense-moblar-durant-primera-quinzena-mes-vinent_60067_102.html,Els pisos de lloguer del Pas s’adjudicaran sense moblar durant la primera quinzena del mes vinent
213,habitatge,DI20240923140400,DI20240923140400-16370968,"Anti-Marx, de Juan Ramon Rallo. El recomano a tothom.",https://www.diariandorra.ad/nacional/240923/pirineu-viu-anuncia-mobilitzacions-turisme-afectaran-andorra_158653.html,Pirineu Viu anuncia mobilitzacions contra el turisme que afectaran Andorra
214,habitatge,DI20240918181600,DI20240918181600-16318554,I tant que sí! interès general com les torres del torro  d'agramunt  de un ex ministre espanyol de franco,https://www.diariandorra.ad/nacional/240918/govern-afirma-amb-les-mesures-d-habitatge-defensar-l-interes-general-i-d-associacions_158371.html,Govern recalca que amb les mesures d'habitatge ha de defensar l'interès general i no d'associacions
215,habitatge,BO20240923115952,BO20240923115952-0,"Envejosos i gelosos, si per ells fos viuriem de les patates i hauriem de tornar als pobles d'origen. La majoria viuen del cuento i no entenenen lo que costa ortar el pa a casa",https://www.bondia.ad/societat/neix-la-plataforma-pirineu-viu-per-denunciar-del-monocultiu-turistic,Neix la plataforma Pirineu Viu per denunciar del “monocultiu turístic”
216,habitatge,DI20240912060700,DI20240912060700-16027490,"El sou es el que el client percep que ha de pagar.    Ell es l’amo, si el client no ve, ningú cobra res.   I això es el posicionament de poca qualitat que te el país. Es un peix que es menja la cua.",https://www.diariandorra.ad/nacional/240912/taxa-inversio-estrangera-immobles-desborda-recaptacio-prevista_157950.html,La taxa a la inversió estrangera en immobles desborda la recaptació prevista
217,habitatge,AL20240923122600,AL20240923122600-225709,"Ara només falta que la gent que cobra el sou mitjà ho pugui pagar. Perque fins a arribar a poder cobrar el sou mitjà, pagant el nivell de vida que hi ha i poder estalviar per poder posar, com a minim, el 20% d'una hipoteca, pot ser et plantes amb 40 o 45 anys i ja comences a tenir problemes per a que un banc accepti la hipoteca.",https://www.altaveu.com/actualitat/economia/valor-hipoteca-mitjana-comprar-habitatge-se-situa-en-310000-euros_60527_102.html,El valor de la hipoteca mitjana per comprar un habitatge se situa en 310.000 euros
218,habitatge,DI20240923140400,DI20240923140400-16367681,"No ens enganyem, són els mateixos pollosos de sempre, l’extrema esquerra que simpatitza amb el comunisme, amb Venezuela, Cuba, Palestina, els veus de la maneta de les pitjors idologies de la història, l’extrema esquerra que odia Estats Units, Israel i el món lliure i que moguts per la ràbia i l’enveja el seu únic projecte és destruir-ho tot. Aquests perfils abunden amb força a Catalunya, però Andorra, de moment, n’ha estat immune.",https://www.diariandorra.ad/nacional/240923/pirineu-viu-anuncia-mobilitzacions-turisme-afectaran-andorra_158653.html,Pirineu Viu anuncia mobilitzacions contra el turisme que afectaran Andorra
219,habitatge,DI20240926135900,DI20240926135900-17069153,"Al estadi que esta fent la FAF (ells si han fet la feina) a Encamp , que es on jugara el FCA les properes temporades",https://www.diariandorra.ad/esports/240926/trenquen-les-negocacions-l-fc-andorra-i-propietat-per-l-estadi-borda-mateu_158852.html,La propietat de la Borda Mateu trenca les negociacions amb l'FC Andorra per l'estadi
220,habitatge,DI20240911121400,DI20240911121400-16018863,"Al fin alguien que nos proteja de inquiokupas...ah no, que aquí eso no. ",https://www.diariandorra.ad/nacional/240911/campanya-coordinadora-l-habitatge-per-contactar-amb-afectats-d-abusos_157903.html,Campanya de la coordinadora de l'habitatge per contactar amb afectats d'abusos
221,habitatge,DI20240924130700,DI20240924130700-16378973,"Ja seria hora de aturar aquesta bogeria de immigració que apart de fer DESPLOMAR salaris, donar un servei inexistent amb català, bloquejar feina per la gent d'aquí I tensionar al màxim el tema habitatge no aportar cap valor afegit, prou desnonats sense cap formació i comenceu a pensar amb ingenyiers, investigadors, tècnics etc si voleu que empreses tecnològiques vinguin aquí",https://www.diariandorra.ad/nacional/240924/concordia-vol-limitar-les-autoritzacions-quota-general_158716.html,Concòrdia vol limitar les autoritzacions a la quota general
222,habitatge,DI20240926135900,DI20240926135900-17068838,"Així és, i al final serà massa tard per lamentar-ho",https://www.diariandorra.ad/esports/240926/trenquen-les-negocacions-l-fc-andorra-i-propietat-per-l-estadi-borda-mateu_158852.html,La propietat de la Borda Mateu trenca les negociacions amb l'FC Andorra per l'estadi
223,habitatge,DI20240924120500,DI20240924120500-16376518,A quan surt la quota mensual? Xk molta gent la.paga del ingres de tenir un pis turistic,https://www.diariandorra.ad/nacional/240924/l-import-mitja-les-hipoteques-cau-18-primer-semestre-i-situa-427-693-euros_158681.html,L’import mitjà de les hipoteques cau un 18% el primer semestre i se situa en 427.693 euros
224,habitatge,BO20240926210019,BO20240926210019-0,Que retreu!? Serà l'herència que ha deixat Astrie amb la seva leydi lentejuelas Marsol a la cartera.. no es pot retreure amb un Comú just començant a legislar sinó s'haurà de deixar treballar i recuperar els fons perduts que eu deixat!!!,https://www.bondia.ad/societat/astrie-retreu-la-falta-d-inversio-i-manca-de-resultats-en-habitatge,Astrié retreu la falta d’inversió i manca de resultats en habitatge
225,habitatge,DI20240901060100,DI20240901060100-15901302,DEP...,https://www.diariandorra.ad/nacional/240901/l-atropellament-mortal-forca-canvis-per-guanyar-seguretat_157308.html,L’atropellament mortal força canvis per guanyar seguretat
226,habitatge,DI20240923140400,DI20240923140400-16377772,A Andorra li cal més Universitat i meys supermercat.,https://www.diariandorra.ad/nacional/240923/pirineu-viu-anuncia-mobilitzacions-turisme-afectaran-andorra_158653.html,Pirineu Viu anuncia mobilitzacions contra el turisme que afectaran Andorra
227,habitatge,DI20240918162400,DI20240918162400-16345237,Quan et possin a taula el finiquit per que no tindras feina ja riuras del mal dels altres,https://www.diariandorra.ad/nacional/240918/immobiliaris-i-constructors-alerten-llei-omnibus-els-aboca-crisi_158367.html,Immobiliaris i constructors alerten que la llei òmnibus de l'habitatge els aboca a la crisi
228,habitatge,DI20240926135900,DI20240926135900-17065911,"som andorrans, que fort. a les mans de les institucions, ara que???? govern haura de baixar-se els pantalons un altra vegada,un cop mes. si al final aquest del rugbi els i haurem de donar la rao. tot aixo es una farça i un farol. nomes que mentides.vergonyos tot plegat",https://www.diariandorra.ad/esports/240926/trenquen-les-negocacions-l-fc-andorra-i-propietat-per-l-estadi-borda-mateu_158852.html,La propietat de la Borda Mateu trenca les negociacions amb l'FC Andorra per l'estadi
229,habitatge,DI20240926135900,DI20240926135900-17065840,NA-CIO-NAL!,https://www.diariandorra.ad/esports/240926/trenquen-les-negocacions-l-fc-andorra-i-propietat-per-l-estadi-borda-mateu_158852.html,La propietat de la Borda Mateu trenca les negociacions amb l'FC Andorra per l'estadi
230,habitatge,DI20240923140400,DI20240923140400-16369977,"Que hi han molts forasters espanyols de La Seu, que els hi han regalat passaport i ens voten el mateix a Andorra.",https://www.diariandorra.ad/nacional/240923/pirineu-viu-anuncia-mobilitzacions-turisme-afectaran-andorra_158653.html,Pirineu Viu anuncia mobilitzacions contra el turisme que afectaran Andorra
231,habitatge,DI20240926135900,DI20240926135900-17067035,i tant,https://www.diariandorra.ad/esports/240926/trenquen-les-negocacions-l-fc-andorra-i-propietat-per-l-estadi-borda-mateu_158852.html,La propietat de la Borda Mateu trenca les negociacions amb l'FC Andorra per l'estadi
232,habitatge,DI20240918162400,DI20240918162400-16326354,"Cooorecte, 7 comuns i deoendents, es inviable",https://www.diariandorra.ad/nacional/240918/immobiliaris-i-constructors-alerten-llei-omnibus-els-aboca-crisi_158367.html,Immobiliaris i constructors alerten que la llei òmnibus de l'habitatge els aboca a la crisi
233,habitatge,AL20240904111200,AL20240904111200-222967,"Acaban els teus calculs, 2 persones a sou base, se'n van a 2400-2500€. Els 850 de vivenda + fibra + parking no superen el 35% No es tan.",https://www.altaveu.com/actualitat/afers-socials/pisos-lloguer-pas-adjudicaran-sense-moblar-durant-primera-quinzena-mes-vinent_60067_102.html,Els pisos de lloguer del Pas s’adjudicaran sense moblar durant la primera quinzena del mes vinent
234,habitatge,DI20240924130700,DI20240924130700-16382273,Hala! ,https://www.diariandorra.ad/nacional/240924/concordia-vol-limitar-les-autoritzacions-quota-general_158716.html,Concòrdia vol limitar les autoritzacions a la quota general
235,habitatge,AL20240904111200,AL20240904111200-222898,"Ja ha demanat pels 2 pisos de 3 habitacions, per fer-ne 1 i viure i anar a esquiar a l'hivern. ja jaj ja.",https://www.altaveu.com/actualitat/afers-socials/pisos-lloguer-pas-adjudicaran-sense-moblar-durant-primera-quinzena-mes-vinent_60067_102.html,Els pisos de lloguer del Pas s’adjudicaran sense moblar durant la primera quinzena del mes vinent
236,habitatge,AL20240924184800,AL20240924184800-225965,Emancipación en La Seu.. o en el camping.,https://www.altaveu.com/actualitat/afers-socials/problematica-habitatge-fa-caure-sollicituds-ajuts-emancipacio-joves_60564_102.html,La problemàtica de l’habitatge fa caure les sol·licituds d’ajuts per a l’emancipació dels joves
237,habitatge,DI20240924130700,DI20240924130700-16383478,"Retallant molt el gasto social si, sanitat i pensions fer-ho mig privat. Llavors si. ",https://www.diariandorra.ad/nacional/240924/concordia-vol-limitar-les-autoritzacions-quota-general_158716.html,Concòrdia vol limitar les autoritzacions a la quota general
238,habitatge,DI20240905060300,DI20240905060300-15939961,La Llei es un desastre. Es una llei populista de cara a la galeria que esfonsa el pais però així quedem bé. Anem fent que i així ens va. ,https://www.diariandorra.ad/nacional/240905/govern-critica-ps-i-ae-pel-retard-poden-provocar-llei-omnibus_157539.html,Govern critica el PS i AE pel retard que poden provocar a la llei òmnibus
239,habitatge,DI20240903055100,DI20240903055100-15920332,"És el que tenen els negocis, el toxo sempre funciona i la inversió segueix sent bona, pro el negoci dels pisos turistics no sempre i va a pitjor.",https://www.diariandorra.ad/nacional/240903/concordia-descarta-l-esmena-totalitat-llei-omnibus_157410.html,Concòrdia descarta l’esmena a la totalitat de la llei òmnibus
240,habitatge,DI20240923140400,DI20240923140400-16372005,"Totalment d'acord. En comptes de tant protestar i envejar als demés, que es fiquin a pencar!",https://www.diariandorra.ad/nacional/240923/pirineu-viu-anuncia-mobilitzacions-turisme-afectaran-andorra_158653.html,Pirineu Viu anuncia mobilitzacions contra el turisme que afectaran Andorra
241,habitatge,DI20240923140400,DI20240923140400-16370036,Amb més drets dius?,https://www.diariandorra.ad/nacional/240923/pirineu-viu-anuncia-mobilitzacions-turisme-afectaran-andorra_158653.html,Pirineu Viu anuncia mobilitzacions contra el turisme que afectaran Andorra
242,habitatge,DI20240917120200,DI20240917120200-16073546,"""És veritat que és fàcil opinar des de fora. Cada un té el seu paper i les seves responsabilitats, no? 😊""",https://www.diariandorra.ad/nacional/240917/separacio-traumatica-acaba-amb-desnonament-dels-fills-peticio-pare_158289.html,Aturat el desnonament demanat per un conflicte de parella
243,habitatge,AL20240904111200,AL20240904111200-222902,Ja poden vigilar que no els facin servir com a pisos per al contraband o coses pitjor...només faltaria.,https://www.altaveu.com/actualitat/afers-socials/pisos-lloguer-pas-adjudicaran-sense-moblar-durant-primera-quinzena-mes-vinent_60067_102.html,Els pisos de lloguer del Pas s’adjudicaran sense moblar durant la primera quinzena del mes vinent
244,habitatge,DI20240924130700,DI20240924130700-16382997,Digues que si maca. Que els portin de fora que cobren una miseria i treballen com el cul. Ja fa dies que t'han calat. T'estimes ben poc el teu pais. Primer la pela i els demes que es fotin. Arribara un día que plorareu els.temps en qué els negocis els portaven el pares i els avis. Tu i els teus foteu el.pais a.la.merda,https://www.diariandorra.ad/nacional/240924/concordia-vol-limitar-les-autoritzacions-quota-general_158716.html,Concòrdia vol limitar les autoritzacions a la quota general
245,habitatge,DI20240912060700,DI20240912060700-16026589,"D'acord amb el plantejament. També alguns demanen reducció d'horari laboral a Espanya, però la realitat és que a Europa va cap a una reducció total del horari laboral perque molta gent anirà al carrer, començant pel sector automobilístic. Abans de pujar salaris han de pujar la productivitat. ",https://www.diariandorra.ad/nacional/240912/taxa-inversio-estrangera-immobles-desborda-recaptacio-prevista_157950.html,La taxa a la inversió estrangera en immobles desborda la recaptació prevista
246,habitatge,DI20240918055100,DI20240918055100-16312171,Donde están esas bicicletas? Nunca las vemos...,https://www.diariandorra.ad/nacional/240918/cicland-projecta-tancar-l-any-amb-uns-36-000-desplacaments_158329.html,Cicland projecta tancar l’any amb uns 36.000 desplaçaments
247,habitatge,DI20240923060600,DI20240923060600-16366342,"Quanta ignorància, tots aquests que comenteu, sabeu què vol dir un trasllat forçós",https://www.diariandorra.ad/nacional/240923/distancia-farmacies-s-anul-tracta-d-trasllat-forcos_158624.html,La distància entre farmàcies s’anul·la si es tracta d’un trasllat forçós
248,habitatge,DI20240918181600,DI20240918181600-16318472,El Govern fa el que ha de fer: lluitar contra els especuladors i els acaparadors de pisos.,https://www.diariandorra.ad/nacional/240918/govern-afirma-amb-les-mesures-d-habitatge-defensar-l-interes-general-i-d-associacions_158371.html,Govern recalca que amb les mesures d'habitatge ha de defensar l'interès general i no d'associacions
249,habitatge,DI20240920132100,DI20240920132100-16338120,"Moltes gràcies a la sra.Montané per defensar el dret a la propietat privada, és a dir, el dret a respectar el que els treballadors i estalviadors han adquirit al llarg del temps amb el seu esforç. Gràcies per respectar els drets d'aquells que som atacats a nivell mediàtic cada dia, simplement per el fet d'haver estalviat més que la resta. L'enveja ha de ser castigada i el càstig més sever que poden tenir és protegir el que es nostre. La propietat privada està per sobre de l'interés general. Vosté ja té el meu vot.",https://www.diariandorra.ad/nacional/240920/andorra-endavant-critica-discurs-cap-govern-i-les-mesures-sobre-l-habitatge_158492.html,Andorra Endavant critica el discurs del cap de Govern i les mesures sobre l'habitatge
